province_key,district_key,ward_key,alias_keyword,source
thanhphohochiminh,quan3,phuong9,phuong10,https://thuvienphapluat.vn/banan/tin-tuc/chinh-thuc-tphcm-se-sap-nhap-80-phuong-thanh-41-phuong-moi-tu-nam-2025-12406
thanhphohochiminh,quan3,phuong9,p10,https://thuvienphapluat.vn/banan/tin-tuc/chinh-thuc-tphcm-se-sap-nhap-80-phuong-thanh-41-phuong-moi-tu-nam-2025-12406
thanhphohochiminh,quan3,phuong9,ward10,https://thuvienphapluat.vn/banan/tin-tuc/chinh-thuc-tphcm-se-sap-nhap-80-phuong-thanh-41-phuong-moi-tu-nam-2025-12406
thanhphohochiminh,quan3,phuong9,f10,https://thuvienphapluat.vn/banan/tin-tuc/chinh-thuc-tphcm-se-sap-nhap-80-phuong-thanh-41-phuong-moi-tu-nam-2025-12406
thanhphohochiminh,quan3,phuong12,phuong13,https://thuvienphapluat.vn/banan/tin-tuc/chinh-thuc-tphcm-se-sap-nhap-80-phuong-thanh-41-phuong-moi-tu-nam-2025-12406
thanhphohochiminh,quan3,phuong12,p13,https://thuvienphapluat.vn/banan/tin-tuc/chinh-thuc-tphcm-se-sap-nhap-80-phuong-thanh-41-phuong-moi-tu-nam-2025-12406
thanhphohochiminh,quan3,phuong12,ward13,https://thuvienphapluat.vn/banan/tin-tuc/chinh-thuc-tphcm-se-sap-nhap-80-phuong-thanh-41-phuong-moi-tu-nam-2025-12406
thanhphohochiminh,quan3,phuong12,f13,https://thuvienphapluat.vn/banan/tin-tuc/chinh-thuc-tphcm-se-sap-nhap-80-phuong-thanh-41-phuong-moi-tu-nam-2025-12406
thanhphohochiminh,quan4,phuong9,phuong6,https://thuvienphapluat.vn/banan/tin-tuc/chinh-thuc-tphcm-se-sap-nhap-80-phuong-thanh-41-phuong-moi-tu-nam-2025-12406
thanhphohochiminh,quan4,phuong9,p6,https://thuvienphapluat.vn/banan/tin-tuc/chinh-thuc-tphcm-se-sap-nhap-80-phuong-thanh-41-phuong-moi-tu-nam-2025-12406
thanhphohochiminh,quan4,phuong9,ward6,https://thuvienphapluat.vn/banan/tin-tuc/chinh-thuc-tphcm-se-sap-nhap-80-phuong-thanh-41-phuong-moi-tu-nam-2025-12406
thanhphohochiminh,quan4,phuong9,phuong06,https://thuvienphapluat.vn/banan/tin-tuc/chinh-thuc-tphcm-se-sap-nhap-80-phuong-thanh-41-phuong-moi-tu-nam-2025-12406
thanhphohochiminh,quan4,phuong9,p06,https://thuvienphapluat.vn/banan/tin-tuc/chinh-thuc-tphcm-se-sap-nhap-80-phuong-thanh-41-phuong-moi-tu-nam-2025-12406
thanhphohochiminh,quan4,phuong9,ward06,https://thuvienphapluat.vn/banan/tin-tuc/chinh-thuc-tphcm-se-sap-nhap-80-phuong-thanh-41-phuong-moi-tu-nam-2025-12406
thanhphohochiminh,quan4,phuong9,f6,https://thuvienphapluat.vn/banan/tin-tuc/chinh-thuc-tphcm-se-sap-nhap-80-phuong-thanh-41-phuong-moi-tu-nam-2025-12406
thanhphohochiminh,quan4,phuong9,f06,https://thuvienphapluat.vn/banan/tin-tuc/chinh-thuc-tphcm-se-sap-nhap-80-phuong-thanh-41-phuong-moi-tu-nam-2025-12406
thanhphohochiminh,quan4,phuong8,phuong10,https://thuvienphapluat.vn/banan/tin-tuc/chinh-thuc-tphcm-se-sap-nhap-80-phuong-thanh-41-phuong-moi-tu-nam-2025-12406
thanhphohochiminh,quan4,phuong8,p10,https://thuvienphapluat.vn/banan/tin-tuc/chinh-thuc-tphcm-se-sap-nhap-80-phuong-thanh-41-phuong-moi-tu-nam-2025-12406
thanhphohochiminh,quan4,phuong8,ward10,https://thuvienphapluat.vn/banan/tin-tuc/chinh-thuc-tphcm-se-sap-nhap-80-phuong-thanh-41-phuong-moi-tu-nam-2025-12406
thanhphohochiminh,quan4,phuong8,f10,https://thuvienphapluat.vn/banan/tin-tuc/chinh-thuc-tphcm-se-sap-nhap-80-phuong-thanh-41-phuong-moi-tu-nam-2025-12406
thanhphohochiminh,quan4,phuong15,phuong14,https://thuvienphapluat.vn/banan/tin-tuc/chinh-thuc-tphcm-se-sap-nhap-80-phuong-thanh-41-phuong-moi-tu-nam-2025-12406
thanhphohochiminh,quan4,phuong15,p14,https://thuvienphapluat.vn/banan/tin-tuc/chinh-thuc-tphcm-se-sap-nhap-80-phuong-thanh-41-phuong-moi-tu-nam-2025-12406
thanhphohochiminh,quan4,phuong15,ward14,https://thuvienphapluat.vn/banan/tin-tuc/chinh-thuc-tphcm-se-sap-nhap-80-phuong-thanh-41-phuong-moi-tu-nam-2025-12406
thanhphohochiminh,quan4,phuong15,f14,https://thuvienphapluat.vn/banan/tin-tuc/chinh-thuc-tphcm-se-sap-nhap-80-phuong-thanh-41-phuong-moi-tu-nam-2025-12406
thanhphohochiminh,quan5,phuong2,phuong3,https://thuvienphapluat.vn/banan/tin-tuc/chinh-thuc-tphcm-se-sap-nhap-80-phuong-thanh-41-phuong-moi-tu-nam-2025-12406
thanhphohochiminh,quan5,phuong2,p3,https://thuvienphapluat.vn/banan/tin-tuc/chinh-thuc-tphcm-se-sap-nhap-80-phuong-thanh-41-phuong-moi-tu-nam-2025-12406
thanhphohochiminh,quan5,phuong2,ward3,https://thuvienphapluat.vn/banan/tin-tuc/chinh-thuc-tphcm-se-sap-nhap-80-phuong-thanh-41-phuong-moi-tu-nam-2025-12406
thanhphohochiminh,quan5,phuong2,phuong03,https://thuvienphapluat.vn/banan/tin-tuc/chinh-thuc-tphcm-se-sap-nhap-80-phuong-thanh-41-phuong-moi-tu-nam-2025-12406
thanhphohochiminh,quan5,phuong2,p03,https://thuvienphapluat.vn/banan/tin-tuc/chinh-thuc-tphcm-se-sap-nhap-80-phuong-thanh-41-phuong-moi-tu-nam-2025-12406
thanhphohochiminh,quan5,phuong2,ward03,https://thuvienphapluat.vn/banan/tin-tuc/chinh-thuc-tphcm-se-sap-nhap-80-phuong-thanh-41-phuong-moi-tu-nam-2025-12406
thanhphohochiminh,quan5,phuong2,f3,https://thuvienphapluat.vn/banan/tin-tuc/chinh-thuc-tphcm-se-sap-nhap-80-phuong-thanh-41-phuong-moi-tu-nam-2025-12406
thanhphohochiminh,quan5,phuong2,f03,https://thuvienphapluat.vn/banan/tin-tuc/chinh-thuc-tphcm-se-sap-nhap-80-phuong-thanh-41-phuong-moi-tu-nam-2025-12406
thanhphohochiminh,quan5,phuong5,phuong6,https://thuvienphapluat.vn/banan/tin-tuc/chinh-thuc-tphcm-se-sap-nhap-80-phuong-thanh-41-phuong-moi-tu-nam-2025-12406
thanhphohochiminh,quan5,phuong5,p6,https://thuvienphapluat.vn/banan/tin-tuc/chinh-thuc-tphcm-se-sap-nhap-80-phuong-thanh-41-phuong-moi-tu-nam-2025-12406
thanhphohochiminh,quan5,phuong5,ward6,https://thuvienphapluat.vn/banan/tin-tuc/chinh-thuc-tphcm-se-sap-nhap-80-phuong-thanh-41-phuong-moi-tu-nam-2025-12406
thanhphohochiminh,quan5,phuong5,phuong06,https://thuvienphapluat.vn/banan/tin-tuc/chinh-thuc-tphcm-se-sap-nhap-80-phuong-thanh-41-phuong-moi-tu-nam-2025-12406
thanhphohochiminh,quan5,phuong5,p06,https://thuvienphapluat.vn/banan/tin-tuc/chinh-thuc-tphcm-se-sap-nhap-80-phuong-thanh-41-phuong-moi-tu-nam-2025-12406
thanhphohochiminh,quan5,phuong5,ward06,https://thuvienphapluat.vn/banan/tin-tuc/chinh-thuc-tphcm-se-sap-nhap-80-phuong-thanh-41-phuong-moi-tu-nam-2025-12406
thanhphohochiminh,quan5,phuong5,f6,https://thuvienphapluat.vn/banan/tin-tuc/chinh-thuc-tphcm-se-sap-nhap-80-phuong-thanh-41-phuong-moi-tu-nam-2025-12406
thanhphohochiminh,quan5,phuong5,f06,https://thuvienphapluat.vn/banan/tin-tuc/chinh-thuc-tphcm-se-sap-nhap-80-phuong-thanh-41-phuong-moi-tu-nam-2025-12406
thanhphohochiminh,quan5,phuong7,phuong8,https://thuvienphapluat.vn/banan/tin-tuc/chinh-thuc-tphcm-se-sap-nhap-80-phuong-thanh-41-phuong-moi-tu-nam-2025-12406
thanhphohochiminh,quan5,phuong7,p8,https://thuvienphapluat.vn/banan/tin-tuc/chinh-thuc-tphcm-se-sap-nhap-80-phuong-thanh-41-phuong-moi-tu-nam-2025-12406
thanhphohochiminh,quan5,phuong7,ward8,https://thuvienphapluat.vn/banan/tin-tuc/chinh-thuc-tphcm-se-sap-nhap-80-phuong-thanh-41-phuong-moi-tu-nam-2025-12406
thanhphohochiminh,quan5,phuong7,phuong08,https://thuvienphapluat.vn/banan/tin-tuc/chinh-thuc-tphcm-se-sap-nhap-80-phuong-thanh-41-phuong-moi-tu-nam-2025-12406
thanhphohochiminh,quan5,phuong7,p08,https://thuvienphapluat.vn/banan/tin-tuc/chinh-thuc-tphcm-se-sap-nhap-80-phuong-thanh-41-phuong-moi-tu-nam-2025-12406
thanhphohochiminh,quan5,phuong7,ward08,https://thuvienphapluat.vn/banan/tin-tuc/chinh-thuc-tphcm-se-sap-nhap-80-phuong-thanh-41-phuong-moi-tu-nam-2025-12406
thanhphohochiminh,quan5,phuong7,f8,https://thuvienphapluat.vn/banan/tin-tuc/chinh-thuc-tphcm-se-sap-nhap-80-phuong-thanh-41-phuong-moi-tu-nam-2025-12406
thanhphohochiminh,quan5,phuong7,f08,https://thuvienphapluat.vn/banan/tin-tuc/chinh-thuc-tphcm-se-sap-nhap-80-phuong-thanh-41-phuong-moi-tu-nam-2025-12406
thanhphohochiminh,quan5,phuong11,phuong10,https://thuvienphapluat.vn/banan/tin-tuc/chinh-thuc-tphcm-se-sap-nhap-80-phuong-thanh-41-phuong-moi-tu-nam-2025-12406
thanhphohochiminh,quan5,phuong11,p10,https://thuvienphapluat.vn/banan/tin-tuc/chinh-thuc-tphcm-se-sap-nhap-80-phuong-thanh-41-phuong-moi-tu-nam-2025-12406
thanhphohochiminh,quan5,phuong11,ward10,https://thuvienphapluat.vn/banan/tin-tuc/chinh-thuc-tphcm-se-sap-nhap-80-phuong-thanh-41-phuong-moi-tu-nam-2025-12406
thanhphohochiminh,quan5,phuong11,f10,https://thuvienphapluat.vn/banan/tin-tuc/chinh-thuc-tphcm-se-sap-nhap-80-phuong-thanh-41-phuong-moi-tu-nam-2025-12406
thanhphohochiminh,quan6,phuong1,phuong3,https://thuvienphapluat.vn/banan/tin-tuc/chinh-thuc-tphcm-se-sap-nhap-80-phuong-thanh-41-phuong-moi-tu-nam-2025-12406
thanhphohochiminh,quan6,phuong1,p3,https://thuvienphapluat.vn/banan/tin-tuc/chinh-thuc-tphcm-se-sap-nhap-80-phuong-thanh-41-phuong-moi-tu-nam-2025-12406
thanhphohochiminh,quan6,phuong1,ward3,https://thuvienphapluat.vn/banan/tin-tuc/chinh-thuc-tphcm-se-sap-nhap-80-phuong-thanh-41-phuong-moi-tu-nam-2025-12406
thanhphohochiminh,quan6,phuong1,phuong03,https://thuvienphapluat.vn/banan/tin-tuc/chinh-thuc-tphcm-se-sap-nhap-80-phuong-thanh-41-phuong-moi-tu-nam-2025-12406
thanhphohochiminh,quan6,phuong1,p03,https://thuvienphapluat.vn/banan/tin-tuc/chinh-thuc-tphcm-se-sap-nhap-80-phuong-thanh-41-phuong-moi-tu-nam-2025-12406
thanhphohochiminh,quan6,phuong1,ward03,https://thuvienphapluat.vn/banan/tin-tuc/chinh-thuc-tphcm-se-sap-nhap-80-phuong-thanh-41-phuong-moi-tu-nam-2025-12406
thanhphohochiminh,quan6,phuong1,f3,https://thuvienphapluat.vn/banan/tin-tuc/chinh-thuc-tphcm-se-sap-nhap-80-phuong-thanh-41-phuong-moi-tu-nam-2025-12406
thanhphohochiminh,quan6,phuong1,f03,https://thuvienphapluat.vn/banan/tin-tuc/chinh-thuc-tphcm-se-sap-nhap-80-phuong-thanh-41-phuong-moi-tu-nam-2025-12406
thanhphohochiminh,quan6,phuong1,phuong4,https://thuvienphapluat.vn/banan/tin-tuc/chinh-thuc-tphcm-se-sap-nhap-80-phuong-thanh-41-phuong-moi-tu-nam-2025-12406
thanhphohochiminh,quan6,phuong1,p4,https://thuvienphapluat.vn/banan/tin-tuc/chinh-thuc-tphcm-se-sap-nhap-80-phuong-thanh-41-phuong-moi-tu-nam-2025-12406
thanhphohochiminh,quan6,phuong1,ward4,https://thuvienphapluat.vn/banan/tin-tuc/chinh-thuc-tphcm-se-sap-nhap-80-phuong-thanh-41-phuong-moi-tu-nam-2025-12406
thanhphohochiminh,quan6,phuong1,phuong04,https://thuvienphapluat.vn/banan/tin-tuc/chinh-thuc-tphcm-se-sap-nhap-80-phuong-thanh-41-phuong-moi-tu-nam-2025-12406
thanhphohochiminh,quan6,phuong1,p04,https://thuvienphapluat.vn/banan/tin-tuc/chinh-thuc-tphcm-se-sap-nhap-80-phuong-thanh-41-phuong-moi-tu-nam-2025-12406
thanhphohochiminh,quan6,phuong1,ward04,https://thuvienphapluat.vn/banan/tin-tuc/chinh-thuc-tphcm-se-sap-nhap-80-phuong-thanh-41-phuong-moi-tu-nam-2025-12406
thanhphohochiminh,quan6,phuong1,f4,https://thuvienphapluat.vn/banan/tin-tuc/chinh-thuc-tphcm-se-sap-nhap-80-phuong-thanh-41-phuong-moi-tu-nam-2025-12406
thanhphohochiminh,quan6,phuong1,f04,https://thuvienphapluat.vn/banan/tin-tuc/chinh-thuc-tphcm-se-sap-nhap-80-phuong-thanh-41-phuong-moi-tu-nam-2025-12406
thanhphohochiminh,quan6,phuong2,phuong6,https://thuvienphapluat.vn/banan/tin-tuc/chinh-thuc-tphcm-se-sap-nhap-80-phuong-thanh-41-phuong-moi-tu-nam-2025-12406
thanhphohochiminh,quan6,phuong2,p6,https://thuvienphapluat.vn/banan/tin-tuc/chinh-thuc-tphcm-se-sap-nhap-80-phuong-thanh-41-phuong-moi-tu-nam-2025-12406
thanhphohochiminh,quan6,phuong2,ward6,https://thuvienphapluat.vn/banan/tin-tuc/chinh-thuc-tphcm-se-sap-nhap-80-phuong-thanh-41-phuong-moi-tu-nam-2025-12406
thanhphohochiminh,quan6,phuong2,phuong06,https://thuvienphapluat.vn/banan/tin-tuc/chinh-thuc-tphcm-se-sap-nhap-80-phuong-thanh-41-phuong-moi-tu-nam-2025-12406
thanhphohochiminh,quan6,phuong2,p06,https://thuvienphapluat.vn/banan/tin-tuc/chinh-thuc-tphcm-se-sap-nhap-80-phuong-thanh-41-phuong-moi-tu-nam-2025-12406
thanhphohochiminh,quan6,phuong2,ward06,https://thuvienphapluat.vn/banan/tin-tuc/chinh-thuc-tphcm-se-sap-nhap-80-phuong-thanh-41-phuong-moi-tu-nam-2025-12406
thanhphohochiminh,quan6,phuong2,f6,https://thuvienphapluat.vn/banan/tin-tuc/chinh-thuc-tphcm-se-sap-nhap-80-phuong-thanh-41-phuong-moi-tu-nam-2025-12406
thanhphohochiminh,quan6,phuong2,f06,https://thuvienphapluat.vn/banan/tin-tuc/chinh-thuc-tphcm-se-sap-nhap-80-phuong-thanh-41-phuong-moi-tu-nam-2025-12406
thanhphohochiminh,quan6,phuong9,phuong5,https://thuvienphapluat.vn/banan/tin-tuc/chinh-thuc-tphcm-se-sap-nhap-80-phuong-thanh-41-phuong-moi-tu-nam-2025-12406
thanhphohochiminh,quan6,phuong9,p5,https://thuvienphapluat.vn/banan/tin-tuc/chinh-thuc-tphcm-se-sap-nhap-80-phuong-thanh-41-phuong-moi-tu-nam-2025-12406
thanhphohochiminh,quan6,phuong9,ward5,https://thuvienphapluat.vn/banan/tin-tuc/chinh-thuc-tphcm-se-sap-nhap-80-phuong-thanh-41-phuong-moi-tu-nam-2025-12406
thanhphohochiminh,quan6,phuong9,phuong05,https://thuvienphapluat.vn/banan/tin-tuc/chinh-thuc-tphcm-se-sap-nhap-80-phuong-thanh-41-phuong-moi-tu-nam-2025-12406
thanhphohochiminh,quan6,phuong9,p05,https://thuvienphapluat.vn/banan/tin-tuc/chinh-thuc-tphcm-se-sap-nhap-80-phuong-thanh-41-phuong-moi-tu-nam-2025-12406
thanhphohochiminh,quan6,phuong9,ward05,https://thuvienphapluat.vn/banan/tin-tuc/chinh-thuc-tphcm-se-sap-nhap-80-phuong-thanh-41-phuong-moi-tu-nam-2025-12406
thanhphohochiminh,quan6,phuong9,f5,https://thuvienphapluat.vn/banan/tin-tuc/chinh-thuc-tphcm-se-sap-nhap-80-phuong-thanh-41-phuong-moi-tu-nam-2025-12406
thanhphohochiminh,quan6,phuong9,f05,https://thuvienphapluat.vn/banan/tin-tuc/chinh-thuc-tphcm-se-sap-nhap-80-phuong-thanh-41-phuong-moi-tu-nam-2025-12406
thanhphohochiminh,quan8,phuongrachong,phuong1,https://thuvienphapluat.vn/banan/tin-tuc/chinh-thuc-tphcm-se-sap-nhap-80-phuong-thanh-41-phuong-moi-tu-nam-2025-12406
thanhphohochiminh,quan8,phuongrachong,phuong01,https://thuvienphapluat.vn/banan/tin-tuc/chinh-thuc-tphcm-se-sap-nhap-80-phuong-thanh-41-phuong-moi-tu-nam-2025-12406
thanhphohochiminh,quan8,phuongrachong,p1,https://thuvienphapluat.vn/banan/tin-tuc/chinh-thuc-tphcm-se-sap-nhap-80-phuong-thanh-41-phuong-moi-tu-nam-2025-12406
thanhphohochiminh,quan8,phuongrachong,p01,https://thuvienphapluat.vn/banan/tin-tuc/chinh-thuc-tphcm-se-sap-nhap-80-phuong-thanh-41-phuong-moi-tu-nam-2025-12406
thanhphohochiminh,quan8,phuongrachong,ward1,https://thuvienphapluat.vn/banan/tin-tuc/chinh-thuc-tphcm-se-sap-nhap-80-phuong-thanh-41-phuong-moi-tu-nam-2025-12406
thanhphohochiminh,quan8,phuongrachong,ward01,https://thuvienphapluat.vn/banan/tin-tuc/chinh-thuc-tphcm-se-sap-nhap-80-phuong-thanh-41-phuong-moi-tu-nam-2025-12406
thanhphohochiminh,quan8,phuongrachong,f1,https://thuvienphapluat.vn/banan/tin-tuc/chinh-thuc-tphcm-se-sap-nhap-80-phuong-thanh-41-phuong-moi-tu-nam-2025-12406
thanhphohochiminh,quan8,phuongrachong,f01,https://thuvienphapluat.vn/banan/tin-tuc/chinh-thuc-tphcm-se-sap-nhap-80-phuong-thanh-41-phuong-moi-tu-nam-2025-12406
thanhphohochiminh,quan8,phuongrachong,phuong2,https://thuvienphapluat.vn/banan/tin-tuc/chinh-thuc-tphcm-se-sap-nhap-80-phuong-thanh-41-phuong-moi-tu-nam-2025-12406
thanhphohochiminh,quan8,phuongrachong,phuong02,https://thuvienphapluat.vn/banan/tin-tuc/chinh-thuc-tphcm-se-sap-nhap-80-phuong-thanh-41-phuong-moi-tu-nam-2025-12406
thanhphohochiminh,quan8,phuongrachong,p2,https://thuvienphapluat.vn/banan/tin-tuc/chinh-thuc-tphcm-se-sap-nhap-80-phuong-thanh-41-phuong-moi-tu-nam-2025-12406
thanhphohochiminh,quan8,phuongrachong,p02,https://thuvienphapluat.vn/banan/tin-tuc/chinh-thuc-tphcm-se-sap-nhap-80-phuong-thanh-41-phuong-moi-tu-nam-2025-12406
thanhphohochiminh,quan8,phuongrachong,ward2,https://thuvienphapluat.vn/banan/tin-tuc/chinh-thuc-tphcm-se-sap-nhap-80-phuong-thanh-41-phuong-moi-tu-nam-2025-12406
thanhphohochiminh,quan8,phuongrachong,ward02,https://thuvienphapluat.vn/banan/tin-tuc/chinh-thuc-tphcm-se-sap-nhap-80-phuong-thanh-41-phuong-moi-tu-nam-2025-12406
thanhphohochiminh,quan8,phuongrachong,f2,https://thuvienphapluat.vn/banan/tin-tuc/chinh-thuc-tphcm-se-sap-nhap-80-phuong-thanh-41-phuong-moi-tu-nam-2025-12406
thanhphohochiminh,quan8,phuongrachong,f02,https://thuvienphapluat.vn/banan/tin-tuc/chinh-thuc-tphcm-se-sap-nhap-80-phuong-thanh-41-phuong-moi-tu-nam-2025-12406
thanhphohochiminh,quan8,phuongrachong,phuong3,https://thuvienphapluat.vn/banan/tin-tuc/chinh-thuc-tphcm-se-sap-nhap-80-phuong-thanh-41-phuong-moi-tu-nam-2025-12406
thanhphohochiminh,quan8,phuongrachong,phuong03,https://thuvienphapluat.vn/banan/tin-tuc/chinh-thuc-tphcm-se-sap-nhap-80-phuong-thanh-41-phuong-moi-tu-nam-2025-12406
thanhphohochiminh,quan8,phuongrachong,p3,https://thuvienphapluat.vn/banan/tin-tuc/chinh-thuc-tphcm-se-sap-nhap-80-phuong-thanh-41-phuong-moi-tu-nam-2025-12406
thanhphohochiminh,quan8,phuongrachong,p03,https://thuvienphapluat.vn/banan/tin-tuc/chinh-thuc-tphcm-se-sap-nhap-80-phuong-thanh-41-phuong-moi-tu-nam-2025-12406
thanhphohochiminh,quan8,phuongrachong,ward3,https://thuvienphapluat.vn/banan/tin-tuc/chinh-thuc-tphcm-se-sap-nhap-80-phuong-thanh-41-phuong-moi-tu-nam-2025-12406
thanhphohochiminh,quan8,phuongrachong,ward03,https://thuvienphapluat.vn/banan/tin-tuc/chinh-thuc-tphcm-se-sap-nhap-80-phuong-thanh-41-phuong-moi-tu-nam-2025-12406
thanhphohochiminh,quan8,phuongrachong,f3,https://thuvienphapluat.vn/banan/tin-tuc/chinh-thuc-tphcm-se-sap-nhap-80-phuong-thanh-41-phuong-moi-tu-nam-2025-12406
thanhphohochiminh,quan8,phuongrachong,f03,https://thuvienphapluat.vn/banan/tin-tuc/chinh-thuc-tphcm-se-sap-nhap-80-phuong-thanh-41-phuong-moi-tu-nam-2025-12406
thanhphohochiminh,quan8,phuonghungphu,phuong8,https://thuvienphapluat.vn/banan/tin-tuc/chinh-thuc-tphcm-se-sap-nhap-80-phuong-thanh-41-phuong-moi-tu-nam-2025-12406
thanhphohochiminh,quan8,phuonghungphu,phuong08,https://thuvienphapluat.vn/banan/tin-tuc/chinh-thuc-tphcm-se-sap-nhap-80-phuong-thanh-41-phuong-moi-tu-nam-2025-12406
thanhphohochiminh,quan8,phuonghungphu,p8,https://thuvienphapluat.vn/banan/tin-tuc/chinh-thuc-tphcm-se-sap-nhap-80-phuong-thanh-41-phuong-moi-tu-nam-2025-12406
thanhphohochiminh,quan8,phuonghungphu,p08,https://thuvienphapluat.vn/banan/tin-tuc/chinh-thuc-tphcm-se-sap-nhap-80-phuong-thanh-41-phuong-moi-tu-nam-2025-12406
thanhphohochiminh,quan8,phuonghungphu,ward8,https://thuvienphapluat.vn/banan/tin-tuc/chinh-thuc-tphcm-se-sap-nhap-80-phuong-thanh-41-phuong-moi-tu-nam-2025-12406
thanhphohochiminh,quan8,phuonghungphu,ward08,https://thuvienphapluat.vn/banan/tin-tuc/chinh-thuc-tphcm-se-sap-nhap-80-phuong-thanh-41-phuong-moi-tu-nam-2025-12406
thanhphohochiminh,quan8,phuonghungphu,f8,https://thuvienphapluat.vn/banan/tin-tuc/chinh-thuc-tphcm-se-sap-nhap-80-phuong-thanh-41-phuong-moi-tu-nam-2025-12406
thanhphohochiminh,quan8,phuonghungphu,f08,https://thuvienphapluat.vn/banan/tin-tuc/chinh-thuc-tphcm-se-sap-nhap-80-phuong-thanh-41-phuong-moi-tu-nam-2025-12406
thanhphohochiminh,quan8,phuonghungphu,phuong9,https://thuvienphapluat.vn/banan/tin-tuc/chinh-thuc-tphcm-se-sap-nhap-80-phuong-thanh-41-phuong-moi-tu-nam-2025-12406
thanhphohochiminh,quan8,phuonghungphu,phuong09,https://thuvienphapluat.vn/banan/tin-tuc/chinh-thuc-tphcm-se-sap-nhap-80-phuong-thanh-41-phuong-moi-tu-nam-2025-12406
thanhphohochiminh,quan8,phuonghungphu,p9,https://thuvienphapluat.vn/banan/tin-tuc/chinh-thuc-tphcm-se-sap-nhap-80-phuong-thanh-41-phuong-moi-tu-nam-2025-12406
thanhphohochiminh,quan8,phuonghungphu,p09,https://thuvienphapluat.vn/banan/tin-tuc/chinh-thuc-tphcm-se-sap-nhap-80-phuong-thanh-41-phuong-moi-tu-nam-2025-12406
thanhphohochiminh,quan8,phuonghungphu,ward9,https://thuvienphapluat.vn/banan/tin-tuc/chinh-thuc-tphcm-se-sap-nhap-80-phuong-thanh-41-phuong-moi-tu-nam-2025-12406
thanhphohochiminh,quan8,phuonghungphu,ward09,https://thuvienphapluat.vn/banan/tin-tuc/chinh-thuc-tphcm-se-sap-nhap-80-phuong-thanh-41-phuong-moi-tu-nam-2025-12406
thanhphohochiminh,quan8,phuonghungphu,f9,https://thuvienphapluat.vn/banan/tin-tuc/chinh-thuc-tphcm-se-sap-nhap-80-phuong-thanh-41-phuong-moi-tu-nam-2025-12406
thanhphohochiminh,quan8,phuonghungphu,f09,https://thuvienphapluat.vn/banan/tin-tuc/chinh-thuc-tphcm-se-sap-nhap-80-phuong-thanh-41-phuong-moi-tu-nam-2025-12406
thanhphohochiminh,quan8,phuonghungphu,phuong10,https://thuvienphapluat.vn/banan/tin-tuc/chinh-thuc-tphcm-se-sap-nhap-80-phuong-thanh-41-phuong-moi-tu-nam-2025-12406
thanhphohochiminh,quan8,phuonghungphu,p10,https://thuvienphapluat.vn/banan/tin-tuc/chinh-thuc-tphcm-se-sap-nhap-80-phuong-thanh-41-phuong-moi-tu-nam-2025-12406
thanhphohochiminh,quan8,phuonghungphu,ward10,https://thuvienphapluat.vn/banan/tin-tuc/chinh-thuc-tphcm-se-sap-nhap-80-phuong-thanh-41-phuong-moi-tu-nam-2025-12406
thanhphohochiminh,quan8,phuonghungphu,f10,https://thuvienphapluat.vn/banan/tin-tuc/chinh-thuc-tphcm-se-sap-nhap-80-phuong-thanh-41-phuong-moi-tu-nam-2025-12406
thanhphohochiminh,quan8,phuongxomcui,phuong11,https://thuvienphapluat.vn/banan/tin-tuc/chinh-thuc-tphcm-se-sap-nhap-80-phuong-thanh-41-phuong-moi-tu-nam-2025-12406
thanhphohochiminh,quan8,phuongxomcui,p11,https://thuvienphapluat.vn/banan/tin-tuc/chinh-thuc-tphcm-se-sap-nhap-80-phuong-thanh-41-phuong-moi-tu-nam-2025-12406
thanhphohochiminh,quan8,phuongxomcui,ward11,https://thuvienphapluat.vn/banan/tin-tuc/chinh-thuc-tphcm-se-sap-nhap-80-phuong-thanh-41-phuong-moi-tu-nam-2025-12406
thanhphohochiminh,quan8,phuongxomcui,f11,https://thuvienphapluat.vn/banan/tin-tuc/chinh-thuc-tphcm-se-sap-nhap-80-phuong-thanh-41-phuong-moi-tu-nam-2025-12406
thanhphohochiminh,quan8,phuongxomcui,phuong12,https://thuvienphapluat.vn/banan/tin-tuc/chinh-thuc-tphcm-se-sap-nhap-80-phuong-thanh-41-phuong-moi-tu-nam-2025-12406
thanhphohochiminh,quan8,phuongxomcui,p12,https://thuvienphapluat.vn/banan/tin-tuc/chinh-thuc-tphcm-se-sap-nhap-80-phuong-thanh-41-phuong-moi-tu-nam-2025-12406
thanhphohochiminh,quan8,phuongxomcui,ward12,https://thuvienphapluat.vn/banan/tin-tuc/chinh-thuc-tphcm-se-sap-nhap-80-phuong-thanh-41-phuong-moi-tu-nam-2025-12406
thanhphohochiminh,quan8,phuongxomcui,f12,https://thuvienphapluat.vn/banan/tin-tuc/chinh-thuc-tphcm-se-sap-nhap-80-phuong-thanh-41-phuong-moi-tu-nam-2025-12406
thanhphohochiminh,quan8,phuongxomcui,phuong13,https://thuvienphapluat.vn/banan/tin-tuc/chinh-thuc-tphcm-se-sap-nhap-80-phuong-thanh-41-phuong-moi-tu-nam-2025-12406
thanhphohochiminh,quan8,phuongxomcui,p13,https://thuvienphapluat.vn/banan/tin-tuc/chinh-thuc-tphcm-se-sap-nhap-80-phuong-thanh-41-phuong-moi-tu-nam-2025-12406
thanhphohochiminh,quan8,phuongxomcui,ward13,https://thuvienphapluat.vn/banan/tin-tuc/chinh-thuc-tphcm-se-sap-nhap-80-phuong-thanh-41-phuong-moi-tu-nam-2025-12406
thanhphohochiminh,quan8,phuongxomcui,f13,https://thuvienphapluat.vn/banan/tin-tuc/chinh-thuc-tphcm-se-sap-nhap-80-phuong-thanh-41-phuong-moi-tu-nam-2025-12406
thanhphohochiminh,quan10,phuong6,phuong7,https://thuvienphapluat.vn/banan/tin-tuc/chinh-thuc-tphcm-se-sap-nhap-80-phuong-thanh-41-phuong-moi-tu-nam-2025-12406
thanhphohochiminh,quan10,phuong6,p7,https://thuvienphapluat.vn/banan/tin-tuc/chinh-thuc-tphcm-se-sap-nhap-80-phuong-thanh-41-phuong-moi-tu-nam-2025-12406
thanhphohochiminh,quan10,phuong6,ward7,https://thuvienphapluat.vn/banan/tin-tuc/chinh-thuc-tphcm-se-sap-nhap-80-phuong-thanh-41-phuong-moi-tu-nam-2025-12406
thanhphohochiminh,quan10,phuong6,phuong07,https://thuvienphapluat.vn/banan/tin-tuc/chinh-thuc-tphcm-se-sap-nhap-80-phuong-thanh-41-phuong-moi-tu-nam-2025-12406
thanhphohochiminh,quan10,phuong6,p07,https://thuvienphapluat.vn/banan/tin-tuc/chinh-thuc-tphcm-se-sap-nhap-80-phuong-thanh-41-phuong-moi-tu-nam-2025-12406
thanhphohochiminh,quan10,phuong6,ward07,https://thuvienphapluat.vn/banan/tin-tuc/chinh-thuc-tphcm-se-sap-nhap-80-phuong-thanh-41-phuong-moi-tu-nam-2025-12406
thanhphohochiminh,quan10,phuong6,f7,https://thuvienphapluat.vn/banan/tin-tuc/chinh-thuc-tphcm-se-sap-nhap-80-phuong-thanh-41-phuong-moi-tu-nam-2025-12406
thanhphohochiminh,quan10,phuong6,f07,https://thuvienphapluat.vn/banan/tin-tuc/chinh-thuc-tphcm-se-sap-nhap-80-phuong-thanh-41-phuong-moi-tu-nam-2025-12406
thanhphohochiminh,quan10,phuong8,phuong5,https://thuvienphapluat.vn/banan/tin-tuc/chinh-thuc-tphcm-se-sap-nhap-80-phuong-thanh-41-phuong-moi-tu-nam-2025-12406
thanhphohochiminh,quan10,phuong8,p5,https://thuvienphapluat.vn/banan/tin-tuc/chinh-thuc-tphcm-se-sap-nhap-80-phuong-thanh-41-phuong-moi-tu-nam-2025-12406
thanhphohochiminh,quan10,phuong8,ward5,https://thuvienphapluat.vn/banan/tin-tuc/chinh-thuc-tphcm-se-sap-nhap-80-phuong-thanh-41-phuong-moi-tu-nam-2025-12406
thanhphohochiminh,quan10,phuong8,phuong05,https://thuvienphapluat.vn/banan/tin-tuc/chinh-thuc-tphcm-se-sap-nhap-80-phuong-thanh-41-phuong-moi-tu-nam-2025-12406
thanhphohochiminh,quan10,phuong8,p05,https://thuvienphapluat.vn/banan/tin-tuc/chinh-thuc-tphcm-se-sap-nhap-80-phuong-thanh-41-phuong-moi-tu-nam-2025-12406
thanhphohochiminh,quan10,phuong8,ward05,https://thuvienphapluat.vn/banan/tin-tuc/chinh-thuc-tphcm-se-sap-nhap-80-phuong-thanh-41-phuong-moi-tu-nam-2025-12406
thanhphohochiminh,quan10,phuong8,f5,https://thuvienphapluat.vn/banan/tin-tuc/chinh-thuc-tphcm-se-sap-nhap-80-phuong-thanh-41-phuong-moi-tu-nam-2025-12406
thanhphohochiminh,quan10,phuong8,f05,https://thuvienphapluat.vn/banan/tin-tuc/chinh-thuc-tphcm-se-sap-nhap-80-phuong-thanh-41-phuong-moi-tu-nam-2025-12406
thanhphohochiminh,quan10,phuong10,phuong11,https://thuvienphapluat.vn/banan/tin-tuc/chinh-thuc-tphcm-se-sap-nhap-80-phuong-thanh-41-phuong-moi-tu-nam-2025-12406
thanhphohochiminh,quan10,phuong10,p11,https://thuvienphapluat.vn/banan/tin-tuc/chinh-thuc-tphcm-se-sap-nhap-80-phuong-thanh-41-phuong-moi-tu-nam-2025-12406
thanhphohochiminh,quan10,phuong10,ward11,https://thuvienphapluat.vn/banan/tin-tuc/chinh-thuc-tphcm-se-sap-nhap-80-phuong-thanh-41-phuong-moi-tu-nam-2025-12406
thanhphohochiminh,quan10,phuong10,f11,https://thuvienphapluat.vn/banan/tin-tuc/chinh-thuc-tphcm-se-sap-nhap-80-phuong-thanh-41-phuong-moi-tu-nam-2025-12406
thanhphohochiminh,quan11,phuong1,phuong2,https://thuvienphapluat.vn/banan/tin-tuc/chinh-thuc-tphcm-se-sap-nhap-80-phuong-thanh-41-phuong-moi-tu-nam-2025-12406
thanhphohochiminh,quan11,phuong1,p2,https://thuvienphapluat.vn/banan/tin-tuc/chinh-thuc-tphcm-se-sap-nhap-80-phuong-thanh-41-phuong-moi-tu-nam-2025-12406
thanhphohochiminh,quan11,phuong1,ward2,https://thuvienphapluat.vn/banan/tin-tuc/chinh-thuc-tphcm-se-sap-nhap-80-phuong-thanh-41-phuong-moi-tu-nam-2025-12406
thanhphohochiminh,quan11,phuong1,phuong02,https://thuvienphapluat.vn/banan/tin-tuc/chinh-thuc-tphcm-se-sap-nhap-80-phuong-thanh-41-phuong-moi-tu-nam-2025-12406
thanhphohochiminh,quan11,phuong1,p02,https://thuvienphapluat.vn/banan/tin-tuc/chinh-thuc-tphcm-se-sap-nhap-80-phuong-thanh-41-phuong-moi-tu-nam-2025-12406
thanhphohochiminh,quan11,phuong1,ward02,https://thuvienphapluat.vn/banan/tin-tuc/chinh-thuc-tphcm-se-sap-nhap-80-phuong-thanh-41-phuong-moi-tu-nam-2025-12406
thanhphohochiminh,quan11,phuong1,f2,https://thuvienphapluat.vn/banan/tin-tuc/chinh-thuc-tphcm-se-sap-nhap-80-phuong-thanh-41-phuong-moi-tu-nam-2025-12406
thanhphohochiminh,quan11,phuong1,f02,https://thuvienphapluat.vn/banan/tin-tuc/chinh-thuc-tphcm-se-sap-nhap-80-phuong-thanh-41-phuong-moi-tu-nam-2025-12406
thanhphohochiminh,quan11,phuong7,phuong4,https://thuvienphapluat.vn/banan/tin-tuc/chinh-thuc-tphcm-se-sap-nhap-80-phuong-thanh-41-phuong-moi-tu-nam-2025-12406
thanhphohochiminh,quan11,phuong7,p4,https://thuvienphapluat.vn/banan/tin-tuc/chinh-thuc-tphcm-se-sap-nhap-80-phuong-thanh-41-phuong-moi-tu-nam-2025-12406
thanhphohochiminh,quan11,phuong7,ward4,https://thuvienphapluat.vn/banan/tin-tuc/chinh-thuc-tphcm-se-sap-nhap-80-phuong-thanh-41-phuong-moi-tu-nam-2025-12406
thanhphohochiminh,quan11,phuong7,phuong04,https://thuvienphapluat.vn/banan/tin-tuc/chinh-thuc-tphcm-se-sap-nhap-80-phuong-thanh-41-phuong-moi-tu-nam-2025-12406
thanhphohochiminh,quan11,phuong7,p04,https://thuvienphapluat.vn/banan/tin-tuc/chinh-thuc-tphcm-se-sap-nhap-80-phuong-thanh-41-phuong-moi-tu-nam-2025-12406
thanhphohochiminh,quan11,phuong7,ward04,https://thuvienphapluat.vn/banan/tin-tuc/chinh-thuc-tphcm-se-sap-nhap-80-phuong-thanh-41-phuong-moi-tu-nam-2025-12406
thanhphohochiminh,quan11,phuong7,f4,https://thuvienphapluat.vn/banan/tin-tuc/chinh-thuc-tphcm-se-sap-nhap-80-phuong-thanh-41-phuong-moi-tu-nam-2025-12406
thanhphohochiminh,quan11,phuong7,f04,https://thuvienphapluat.vn/banan/tin-tuc/chinh-thuc-tphcm-se-sap-nhap-80-phuong-thanh-41-phuong-moi-tu-nam-2025-12406
thanhphohochiminh,quan11,phuong7,phuong6,https://thuvienphapluat.vn/banan/tin-tuc/chinh-thuc-tphcm-se-sap-nhap-80-phuong-thanh-41-phuong-moi-tu-nam-2025-12406
thanhphohochiminh,quan11,phuong7,p6,https://thuvienphapluat.vn/banan/tin-tuc/chinh-thuc-tphcm-se-sap-nhap-80-phuong-thanh-41-phuong-moi-tu-nam-2025-12406
thanhphohochiminh,quan11,phuong7,ward6,https://thuvienphapluat.vn/banan/tin-tuc/chinh-thuc-tphcm-se-sap-nhap-80-phuong-thanh-41-phuong-moi-tu-nam-2025-12406
thanhphohochiminh,quan11,phuong7,phuong06,https://thuvienphapluat.vn/banan/tin-tuc/chinh-thuc-tphcm-se-sap-nhap-80-phuong-thanh-41-phuong-moi-tu-nam-2025-12406
thanhphohochiminh,quan11,phuong7,p06,https://thuvienphapluat.vn/banan/tin-tuc/chinh-thuc-tphcm-se-sap-nhap-80-phuong-thanh-41-phuong-moi-tu-nam-2025-12406
thanhphohochiminh,quan11,phuong7,ward06,https://thuvienphapluat.vn/banan/tin-tuc/chinh-thuc-tphcm-se-sap-nhap-80-phuong-thanh-41-phuong-moi-tu-nam-2025-12406
thanhphohochiminh,quan11,phuong7,f6,https://thuvienphapluat.vn/banan/tin-tuc/chinh-thuc-tphcm-se-sap-nhap-80-phuong-thanh-41-phuong-moi-tu-nam-2025-12406
thanhphohochiminh,quan11,phuong7,f06,https://thuvienphapluat.vn/banan/tin-tuc/chinh-thuc-tphcm-se-sap-nhap-80-phuong-thanh-41-phuong-moi-tu-nam-2025-12406
thanhphohochiminh,quan11,phuong8,phuong12,https://thuvienphapluat.vn/banan/tin-tuc/chinh-thuc-tphcm-se-sap-nhap-80-phuong-thanh-41-phuong-moi-tu-nam-2025-12406
thanhphohochiminh,quan11,phuong8,p12,https://thuvienphapluat.vn/banan/tin-tuc/chinh-thuc-tphcm-se-sap-nhap-80-phuong-thanh-41-phuong-moi-tu-nam-2025-12406
thanhphohochiminh,quan11,phuong8,ward12,https://thuvienphapluat.vn/banan/tin-tuc/chinh-thuc-tphcm-se-sap-nhap-80-phuong-thanh-41-phuong-moi-tu-nam-2025-12406
thanhphohochiminh,quan11,phuong8,f12,https://thuvienphapluat.vn/banan/tin-tuc/chinh-thuc-tphcm-se-sap-nhap-80-phuong-thanh-41-phuong-moi-tu-nam-2025-12406
thanhphohochiminh,quan11,phuong10,phuong9,https://thuvienphapluat.vn/banan/tin-tuc/chinh-thuc-tphcm-se-sap-nhap-80-phuong-thanh-41-phuong-moi-tu-nam-2025-12406
thanhphohochiminh,quan11,phuong10,p9,https://thuvienphapluat.vn/banan/tin-tuc/chinh-thuc-tphcm-se-sap-nhap-80-phuong-thanh-41-phuong-moi-tu-nam-2025-12406
thanhphohochiminh,quan11,phuong10,ward9,https://thuvienphapluat.vn/banan/tin-tuc/chinh-thuc-tphcm-se-sap-nhap-80-phuong-thanh-41-phuong-moi-tu-nam-2025-12406
thanhphohochiminh,quan11,phuong10,phuong09,https://thuvienphapluat.vn/banan/tin-tuc/chinh-thuc-tphcm-se-sap-nhap-80-phuong-thanh-41-phuong-moi-tu-nam-2025-12406
thanhphohochiminh,quan11,phuong10,p09,https://thuvienphapluat.vn/banan/tin-tuc/chinh-thuc-tphcm-se-sap-nhap-80-phuong-thanh-41-phuong-moi-tu-nam-2025-12406
thanhphohochiminh,quan11,phuong10,ward09,https://thuvienphapluat.vn/banan/tin-tuc/chinh-thuc-tphcm-se-sap-nhap-80-phuong-thanh-41-phuong-moi-tu-nam-2025-12406
thanhphohochiminh,quan11,phuong10,f9,https://thuvienphapluat.vn/banan/tin-tuc/chinh-thuc-tphcm-se-sap-nhap-80-phuong-thanh-41-phuong-moi-tu-nam-2025-12406
thanhphohochiminh,quan11,phuong10,f09,https://thuvienphapluat.vn/banan/tin-tuc/chinh-thuc-tphcm-se-sap-nhap-80-phuong-thanh-41-phuong-moi-tu-nam-2025-12406
thanhphohochiminh,quan11,phuong11,phuong13,https://thuvienphapluat.vn/banan/tin-tuc/chinh-thuc-tphcm-se-sap-nhap-80-phuong-thanh-41-phuong-moi-tu-nam-2025-12406
thanhphohochiminh,quan11,phuong11,p13,https://thuvienphapluat.vn/banan/tin-tuc/chinh-thuc-tphcm-se-sap-nhap-80-phuong-thanh-41-phuong-moi-tu-nam-2025-12406
thanhphohochiminh,quan11,phuong11,ward13,https://thuvienphapluat.vn/banan/tin-tuc/chinh-thuc-tphcm-se-sap-nhap-80-phuong-thanh-41-phuong-moi-tu-nam-2025-12406
thanhphohochiminh,quan11,phuong11,f13,https://thuvienphapluat.vn/banan/tin-tuc/chinh-thuc-tphcm-se-sap-nhap-80-phuong-thanh-41-phuong-moi-tu-nam-2025-12406
thanhphohochiminh,quanbinhthanh,phuong1,phuong3,https://thuvienphapluat.vn/banan/tin-tuc/chinh-thuc-tphcm-se-sap-nhap-80-phuong-thanh-41-phuong-moi-tu-nam-2025-12406
thanhphohochiminh,quanbinhthanh,phuong1,p3,https://thuvienphapluat.vn/banan/tin-tuc/chinh-thuc-tphcm-se-sap-nhap-80-phuong-thanh-41-phuong-moi-tu-nam-2025-12406
thanhphohochiminh,quanbinhthanh,phuong1,ward3,https://thuvienphapluat.vn/banan/tin-tuc/chinh-thuc-tphcm-se-sap-nhap-80-phuong-thanh-41-phuong-moi-tu-nam-2025-12406
thanhphohochiminh,quanbinhthanh,phuong1,phuong03,https://thuvienphapluat.vn/banan/tin-tuc/chinh-thuc-tphcm-se-sap-nhap-80-phuong-thanh-41-phuong-moi-tu-nam-2025-12406
thanhphohochiminh,quanbinhthanh,phuong1,p03,https://thuvienphapluat.vn/banan/tin-tuc/chinh-thuc-tphcm-se-sap-nhap-80-phuong-thanh-41-phuong-moi-tu-nam-2025-12406
thanhphohochiminh,quanbinhthanh,phuong1,ward03,https://thuvienphapluat.vn/banan/tin-tuc/chinh-thuc-tphcm-se-sap-nhap-80-phuong-thanh-41-phuong-moi-tu-nam-2025-12406
thanhphohochiminh,quanbinhthanh,phuong1,f3,https://thuvienphapluat.vn/banan/tin-tuc/chinh-thuc-tphcm-se-sap-nhap-80-phuong-thanh-41-phuong-moi-tu-nam-2025-12406
thanhphohochiminh,quanbinhthanh,phuong1,f03,https://thuvienphapluat.vn/banan/tin-tuc/chinh-thuc-tphcm-se-sap-nhap-80-phuong-thanh-41-phuong-moi-tu-nam-2025-12406
thanhphohochiminh,quanbinhthanh,phuong7,phuong6,https://thuvienphapluat.vn/banan/tin-tuc/chinh-thuc-tphcm-se-sap-nhap-80-phuong-thanh-41-phuong-moi-tu-nam-2025-12406
thanhphohochiminh,quanbinhthanh,phuong7,p6,https://thuvienphapluat.vn/banan/tin-tuc/chinh-thuc-tphcm-se-sap-nhap-80-phuong-thanh-41-phuong-moi-tu-nam-2025-12406
thanhphohochiminh,quanbinhthanh,phuong7,ward6,https://thuvienphapluat.vn/banan/tin-tuc/chinh-thuc-tphcm-se-sap-nhap-80-phuong-thanh-41-phuong-moi-tu-nam-2025-12406
thanhphohochiminh,quanbinhthanh,phuong7,phuong06,https://thuvienphapluat.vn/banan/tin-tuc/chinh-thuc-tphcm-se-sap-nhap-80-phuong-thanh-41-phuong-moi-tu-nam-2025-12406
thanhphohochiminh,quanbinhthanh,phuong7,p06,https://thuvienphapluat.vn/banan/tin-tuc/chinh-thuc-tphcm-se-sap-nhap-80-phuong-thanh-41-phuong-moi-tu-nam-2025-12406
thanhphohochiminh,quanbinhthanh,phuong7,ward06,https://thuvienphapluat.vn/banan/tin-tuc/chinh-thuc-tphcm-se-sap-nhap-80-phuong-thanh-41-phuong-moi-tu-nam-2025-12406
thanhphohochiminh,quanbinhthanh,phuong7,f6,https://thuvienphapluat.vn/banan/tin-tuc/chinh-thuc-tphcm-se-sap-nhap-80-phuong-thanh-41-phuong-moi-tu-nam-2025-12406
thanhphohochiminh,quanbinhthanh,phuong7,f06,https://thuvienphapluat.vn/banan/tin-tuc/chinh-thuc-tphcm-se-sap-nhap-80-phuong-thanh-41-phuong-moi-tu-nam-2025-12406
thanhphohochiminh,quanbinhthanh,phuong2,phuong15,https://thuvienphapluat.vn/banan/tin-tuc/chinh-thuc-tphcm-se-sap-nhap-80-phuong-thanh-41-phuong-moi-tu-nam-2025-12406
thanhphohochiminh,quanbinhthanh,phuong2,p15,https://thuvienphapluat.vn/banan/tin-tuc/chinh-thuc-tphcm-se-sap-nhap-80-phuong-thanh-41-phuong-moi-tu-nam-2025-12406
thanhphohochiminh,quanbinhthanh,phuong2,ward15,https://thuvienphapluat.vn/banan/tin-tuc/chinh-thuc-tphcm-se-sap-nhap-80-phuong-thanh-41-phuong-moi-tu-nam-2025-12406
thanhphohochiminh,quanbinhthanh,phuong2,f15,https://thuvienphapluat.vn/banan/tin-tuc/chinh-thuc-tphcm-se-sap-nhap-80-phuong-thanh-41-phuong-moi-tu-nam-2025-12406
thanhphohochiminh,quanbinhthanh,phuong19,phuong21,https://thuvienphapluat.vn/banan/tin-tuc/chinh-thuc-tphcm-se-sap-nhap-80-phuong-thanh-41-phuong-moi-tu-nam-2025-12406
thanhphohochiminh,quanbinhthanh,phuong19,p21,https://thuvienphapluat.vn/banan/tin-tuc/chinh-thuc-tphcm-se-sap-nhap-80-phuong-thanh-41-phuong-moi-tu-nam-2025-12406
thanhphohochiminh,quanbinhthanh,phuong19,ward21,https://thuvienphapluat.vn/banan/tin-tuc/chinh-thuc-tphcm-se-sap-nhap-80-phuong-thanh-41-phuong-moi-tu-nam-2025-12406
thanhphohochiminh,quanbinhthanh,phuong19,f21,https://thuvienphapluat.vn/banan/tin-tuc/chinh-thuc-tphcm-se-sap-nhap-80-phuong-thanh-41-phuong-moi-tu-nam-2025-12406
thanhphohochiminh,quanbinhthanh,phuong14,phuong24,https://thuvienphapluat.vn/banan/tin-tuc/chinh-thuc-tphcm-se-sap-nhap-80-phuong-thanh-41-phuong-moi-tu-nam-2025-12406
thanhphohochiminh,quanbinhthanh,phuong14,p24,https://thuvienphapluat.vn/banan/tin-tuc/chinh-thuc-tphcm-se-sap-nhap-80-phuong-thanh-41-phuong-moi-tu-nam-2025-12406
thanhphohochiminh,quanbinhthanh,phuong14,ward24,https://thuvienphapluat.vn/banan/tin-tuc/chinh-thuc-tphcm-se-sap-nhap-80-phuong-thanh-41-phuong-moi-tu-nam-2025-12406
thanhphohochiminh,quanbinhthanh,phuong14,f24,https://thuvienphapluat.vn/banan/tin-tuc/chinh-thuc-tphcm-se-sap-nhap-80-phuong-thanh-41-phuong-moi-tu-nam-2025-12406
thanhphohochiminh,quangovap,phuong1,phuong4,https://thuvienphapluat.vn/banan/tin-tuc/chinh-thuc-tphcm-se-sap-nhap-80-phuong-thanh-41-phuong-moi-tu-nam-2025-12406
thanhphohochiminh,quangovap,phuong1,p4,https://thuvienphapluat.vn/banan/tin-tuc/chinh-thuc-tphcm-se-sap-nhap-80-phuong-thanh-41-phuong-moi-tu-nam-2025-12406
thanhphohochiminh,quangovap,phuong1,ward4,https://thuvienphapluat.vn/banan/tin-tuc/chinh-thuc-tphcm-se-sap-nhap-80-phuong-thanh-41-phuong-moi-tu-nam-2025-12406
thanhphohochiminh,quangovap,phuong1,phuong04,https://thuvienphapluat.vn/banan/tin-tuc/chinh-thuc-tphcm-se-sap-nhap-80-phuong-thanh-41-phuong-moi-tu-nam-2025-12406
thanhphohochiminh,quangovap,phuong1,p04,https://thuvienphapluat.vn/banan/tin-tuc/chinh-thuc-tphcm-se-sap-nhap-80-phuong-thanh-41-phuong-moi-tu-nam-2025-12406
thanhphohochiminh,quangovap,phuong1,ward04,https://thuvienphapluat.vn/banan/tin-tuc/chinh-thuc-tphcm-se-sap-nhap-80-phuong-thanh-41-phuong-moi-tu-nam-2025-12406
thanhphohochiminh,quangovap,phuong1,f4,https://thuvienphapluat.vn/banan/tin-tuc/chinh-thuc-tphcm-se-sap-nhap-80-phuong-thanh-41-phuong-moi-tu-nam-2025-12406
thanhphohochiminh,quangovap,phuong1,f04,https://thuvienphapluat.vn/banan/tin-tuc/chinh-thuc-tphcm-se-sap-nhap-80-phuong-thanh-41-phuong-moi-tu-nam-2025-12406
thanhphohochiminh,quangovap,phuong1,phuong7,https://thuvienphapluat.vn/banan/tin-tuc/chinh-thuc-tphcm-se-sap-nhap-80-phuong-thanh-41-phuong-moi-tu-nam-2025-12406
thanhphohochiminh,quangovap,phuong1,p7,https://thuvienphapluat.vn/banan/tin-tuc/chinh-thuc-tphcm-se-sap-nhap-80-phuong-thanh-41-phuong-moi-tu-nam-2025-12406
thanhphohochiminh,quangovap,phuong1,ward7,https://thuvienphapluat.vn/banan/tin-tuc/chinh-thuc-tphcm-se-sap-nhap-80-phuong-thanh-41-phuong-moi-tu-nam-2025-12406
thanhphohochiminh,quangovap,phuong1,phuong07,https://thuvienphapluat.vn/banan/tin-tuc/chinh-thuc-tphcm-se-sap-nhap-80-phuong-thanh-41-phuong-moi-tu-nam-2025-12406
thanhphohochiminh,quangovap,phuong1,p07,https://thuvienphapluat.vn/banan/tin-tuc/chinh-thuc-tphcm-se-sap-nhap-80-phuong-thanh-41-phuong-moi-tu-nam-2025-12406
thanhphohochiminh,quangovap,phuong1,ward07,https://thuvienphapluat.vn/banan/tin-tuc/chinh-thuc-tphcm-se-sap-nhap-80-phuong-thanh-41-phuong-moi-tu-nam-2025-12406
thanhphohochiminh,quangovap,phuong1,f7,https://thuvienphapluat.vn/banan/tin-tuc/chinh-thuc-tphcm-se-sap-nhap-80-phuong-thanh-41-phuong-moi-tu-nam-2025-12406
thanhphohochiminh,quangovap,phuong1,f07,https://thuvienphapluat.vn/banan/tin-tuc/chinh-thuc-tphcm-se-sap-nhap-80-phuong-thanh-41-phuong-moi-tu-nam-2025-12406
thanhphohochiminh,quangovap,phuong8,phuong9,https://thuvienphapluat.vn/banan/tin-tuc/chinh-thuc-tphcm-se-sap-nhap-80-phuong-thanh-41-phuong-moi-tu-nam-2025-12406
thanhphohochiminh,quangovap,phuong8,p9,https://thuvienphapluat.vn/banan/tin-tuc/chinh-thuc-tphcm-se-sap-nhap-80-phuong-thanh-41-phuong-moi-tu-nam-2025-12406
thanhphohochiminh,quangovap,phuong8,ward9,https://thuvienphapluat.vn/banan/tin-tuc/chinh-thuc-tphcm-se-sap-nhap-80-phuong-thanh-41-phuong-moi-tu-nam-2025-12406
thanhphohochiminh,quangovap,phuong8,phuong09,https://thuvienphapluat.vn/banan/tin-tuc/chinh-thuc-tphcm-se-sap-nhap-80-phuong-thanh-41-phuong-moi-tu-nam-2025-12406
thanhphohochiminh,quangovap,phuong8,p09,https://thuvienphapluat.vn/banan/tin-tuc/chinh-thuc-tphcm-se-sap-nhap-80-phuong-thanh-41-phuong-moi-tu-nam-2025-12406
thanhphohochiminh,quangovap,phuong8,ward09,https://thuvienphapluat.vn/banan/tin-tuc/chinh-thuc-tphcm-se-sap-nhap-80-phuong-thanh-41-phuong-moi-tu-nam-2025-12406
thanhphohochiminh,quangovap,phuong8,f9,https://thuvienphapluat.vn/banan/tin-tuc/chinh-thuc-tphcm-se-sap-nhap-80-phuong-thanh-41-phuong-moi-tu-nam-2025-12406
thanhphohochiminh,quangovap,phuong8,f09,https://thuvienphapluat.vn/banan/tin-tuc/chinh-thuc-tphcm-se-sap-nhap-80-phuong-thanh-41-phuong-moi-tu-nam-2025-12406
thanhphohochiminh,quangovap,phuong15,phuong13,https://thuvienphapluat.vn/banan/tin-tuc/chinh-thuc-tphcm-se-sap-nhap-80-phuong-thanh-41-phuong-moi-tu-nam-2025-12406
thanhphohochiminh,quangovap,phuong15,p13,https://thuvienphapluat.vn/banan/tin-tuc/chinh-thuc-tphcm-se-sap-nhap-80-phuong-thanh-41-phuong-moi-tu-nam-2025-12406
thanhphohochiminh,quangovap,phuong15,ward13,https://thuvienphapluat.vn/banan/tin-tuc/chinh-thuc-tphcm-se-sap-nhap-80-phuong-thanh-41-phuong-moi-tu-nam-2025-12406
thanhphohochiminh,quangovap,phuong15,f13,https://thuvienphapluat.vn/banan/tin-tuc/chinh-thuc-tphcm-se-sap-nhap-80-phuong-thanh-41-phuong-moi-tu-nam-2025-12406
thanhphohochiminh,quanphunhuan,phuong4,phuong3,https://thuvienphapluat.vn/banan/tin-tuc/chinh-thuc-tphcm-se-sap-nhap-80-phuong-thanh-41-phuong-moi-tu-nam-2025-12406
thanhphohochiminh,quanphunhuan,phuong4,p3,https://thuvienphapluat.vn/banan/tin-tuc/chinh-thuc-tphcm-se-sap-nhap-80-phuong-thanh-41-phuong-moi-tu-nam-2025-12406
thanhphohochiminh,quanphunhuan,phuong4,ward3,https://thuvienphapluat.vn/banan/tin-tuc/chinh-thuc-tphcm-se-sap-nhap-80-phuong-thanh-41-phuong-moi-tu-nam-2025-12406
thanhphohochiminh,quanphunhuan,phuong4,phuong03,https://thuvienphapluat.vn/banan/tin-tuc/chinh-thuc-tphcm-se-sap-nhap-80-phuong-thanh-41-phuong-moi-tu-nam-2025-12406
thanhphohochiminh,quanphunhuan,phuong4,p03,https://thuvienphapluat.vn/banan/tin-tuc/chinh-thuc-tphcm-se-sap-nhap-80-phuong-thanh-41-phuong-moi-tu-nam-2025-12406
thanhphohochiminh,quanphunhuan,phuong4,ward03,https://thuvienphapluat.vn/banan/tin-tuc/chinh-thuc-tphcm-se-sap-nhap-80-phuong-thanh-41-phuong-moi-tu-nam-2025-12406
thanhphohochiminh,quanphunhuan,phuong4,f3,https://thuvienphapluat.vn/banan/tin-tuc/chinh-thuc-tphcm-se-sap-nhap-80-phuong-thanh-41-phuong-moi-tu-nam-2025-12406
thanhphohochiminh,quanphunhuan,phuong4,f03,https://thuvienphapluat.vn/banan/tin-tuc/chinh-thuc-tphcm-se-sap-nhap-80-phuong-thanh-41-phuong-moi-tu-nam-2025-12406
thanhphohochiminh,quanphunhuan,phuong15,phuong17,https://thuvienphapluat.vn/banan/tin-tuc/chinh-thuc-tphcm-se-sap-nhap-80-phuong-thanh-41-phuong-moi-tu-nam-2025-12406
thanhphohochiminh,quanphunhuan,phuong15,p17,https://thuvienphapluat.vn/banan/tin-tuc/chinh-thuc-tphcm-se-sap-nhap-80-phuong-thanh-41-phuong-moi-tu-nam-2025-12406
thanhphohochiminh,quanphunhuan,phuong15,ward17,https://thuvienphapluat.vn/banan/tin-tuc/chinh-thuc-tphcm-se-sap-nhap-80-phuong-thanh-41-phuong-moi-tu-nam-2025-12406
thanhphohochiminh,quanphunhuan,phuong15,f17,https://thuvienphapluat.vn/banan/tin-tuc/chinh-thuc-tphcm-se-sap-nhap-80-phuong-thanh-41-phuong-moi-tu-nam-2025-12406
thanhphohanoi,quanhadong,phuongquangtrung,phuongyetkieu,
thanhphohanoi,quanhadong,phuongquangtrung,yetkieu,
thanhphohanoi,quanhadong,phuongquangtrung,phuongnguyentrai,
thanhphohanoi,quanhadong,phuongquangtrung,nguyentrai,
thanhphohanoi,huyengialam,xakimduc,xavanduc,
thanhphohanoi,huyengialam,xakimduc,vanduc,
thanhphohanoi,huyengialam,xakimduc,xakimlan,
thanhphohanoi,huyengialam,xakimduc,kimlan,
thanhphohaiphong,thanhphothuynguyen,phuongduongquan,xatanduong,https://vov.vn/chinh-tri/hai-phong-thanh-lap-tp-thuy-nguyen-va-sap-nhap-hang-loat-xa-phuong-post1132712.vov
thanhphohaiphong,thanhphothuynguyen,phuongduongquan,tanduong,https://vov.vn/chinh-tri/hai-phong-thanh-lap-tp-thuy-nguyen-va-sap-nhap-hang-loat-xa-phuong-post1132712.vov
thanhphohaiphong,thanhphothuynguyen,phuonghoanglam,xalamdong,https://vov.vn/chinh-tri/hai-phong-thanh-lap-tp-thuy-nguyen-va-sap-nhap-hang-loat-xa-phuong-post1132712.vov
thanhphohaiphong,thanhphothuynguyen,phuonghoanglam,lamdong,https://vov.vn/chinh-tri/hai-phong-thanh-lap-tp-thuy-nguyen-va-sap-nhap-hang-loat-xa-phuong-post1132712.vov
thanhphohaiphong,thanhphothuynguyen,phuonghoanglam,xahoangdong,https://vov.vn/chinh-tri/hai-phong-thanh-lap-tp-thuy-nguyen-va-sap-nhap-hang-loat-xa-phuong-post1132712.vov
thanhphohaiphong,thanhphothuynguyen,phuonghoanglam,hoangdong,https://vov.vn/chinh-tri/hai-phong-thanh-lap-tp-thuy-nguyen-va-sap-nhap-hang-loat-xa-phuong-post1132712.vov
thanhphohaiphong,thanhphothuynguyen,phuonglehongphong,xakienbai,https://vov.vn/chinh-tri/hai-phong-thanh-lap-tp-thuy-nguyen-va-sap-nhap-hang-loat-xa-phuong-post1132712.vov
thanhphohaiphong,thanhphothuynguyen,phuonglehongphong,kienbai,https://vov.vn/chinh-tri/hai-phong-thanh-lap-tp-thuy-nguyen-va-sap-nhap-hang-loat-xa-phuong-post1132712.vov
thanhphohaiphong,thanhphothuynguyen,phuonglehongphong,xamydong,https://vov.vn/chinh-tri/hai-phong-thanh-lap-tp-thuy-nguyen-va-sap-nhap-hang-loat-xa-phuong-post1132712.vov
thanhphohaiphong,thanhphothuynguyen,phuonglehongphong,mydong,https://vov.vn/chinh-tri/hai-phong-thanh-lap-tp-thuy-nguyen-va-sap-nhap-hang-loat-xa-phuong-post1132712.vov
thanhphohaiphong,thanhphothuynguyen,phuongtranhungdao,xadongson,https://vov.vn/chinh-tri/hai-phong-thanh-lap-tp-thuy-nguyen-va-sap-nhap-hang-loat-xa-phuong-post1132712.vov
thanhphohaiphong,thanhphothuynguyen,phuongtranhungdao,dongson,https://vov.vn/chinh-tri/hai-phong-thanh-lap-tp-thuy-nguyen-va-sap-nhap-hang-loat-xa-phuong-post1132712.vov
thanhphohaiphong,thanhphothuynguyen,phuongtranhungdao,xakenhgiang,https://vov.vn/chinh-tri/hai-phong-thanh-lap-tp-thuy-nguyen-va-sap-nhap-hang-loat-xa-phuong-post1132712.vov
thanhphohaiphong,thanhphothuynguyen,phuongtranhungdao,kenhgiang,https://vov.vn/chinh-tri/hai-phong-thanh-lap-tp-thuy-nguyen-va-sap-nhap-hang-loat-xa-phuong-post1132712.vov
thanhphohaiphong,thanhphothuynguyen,phuongluukiem,xaluuky,https://vov.vn/chinh-tri/hai-phong-thanh-lap-tp-thuy-nguyen-va-sap-nhap-hang-loat-xa-phuong-post1132712.vov
thanhphohaiphong,thanhphothuynguyen,phuongluukiem,luuky,https://vov.vn/chinh-tri/hai-phong-thanh-lap-tp-thuy-nguyen-va-sap-nhap-hang-loat-xa-phuong-post1132712.vov
thanhphohaiphong,thanhphothuynguyen,phuongluukiem,xaluukiem,https://vov.vn/chinh-tri/hai-phong-thanh-lap-tp-thuy-nguyen-va-sap-nhap-hang-loat-xa-phuong-post1132712.vov
thanhphohaiphong,thanhphothuynguyen,phuongluukiem,luukiem,https://vov.vn/chinh-tri/hai-phong-thanh-lap-tp-thuy-nguyen-va-sap-nhap-hang-loat-xa-phuong-post1132712.vov
thanhphohaiphong,thanhphothuynguyen,phuongthuyduong,xathuyson,https://vov.vn/chinh-tri/hai-phong-thanh-lap-tp-thuy-nguyen-va-sap-nhap-hang-loat-xa-phuong-post1132712.vov
thanhphohaiphong,thanhphothuynguyen,phuongthuyduong,thuyson,https://vov.vn/chinh-tri/hai-phong-thanh-lap-tp-thuy-nguyen-va-sap-nhap-hang-loat-xa-phuong-post1132712.vov
thanhphohaiphong,thanhphothuynguyen,phuongthuyduong,xathuyduong,https://vov.vn/chinh-tri/hai-phong-thanh-lap-tp-thuy-nguyen-va-sap-nhap-hang-loat-xa-phuong-post1132712.vov
thanhphohaiphong,thanhphothuynguyen,phuongthuyduong,thuyduong,https://vov.vn/chinh-tri/hai-phong-thanh-lap-tp-thuy-nguyen-va-sap-nhap-hang-loat-xa-phuong-post1132712.vov
thanhphohaiphong,thanhphothuynguyen,phuongthuyduong,thitrannuideo,https://vov.vn/chinh-tri/hai-phong-thanh-lap-tp-thuy-nguyen-va-sap-nhap-hang-loat-xa-phuong-post1132712.vov
thanhphohaiphong,thanhphothuynguyen,phuongthuyduong,ttnuideo,https://vov.vn/chinh-tri/hai-phong-thanh-lap-tp-thuy-nguyen-va-sap-nhap-hang-loat-xa-phuong-post1132712.vov
thanhphohaiphong,thanhphothuynguyen,phuongthuyduong,nuideo,https://vov.vn/chinh-tri/hai-phong-thanh-lap-tp-thuy-nguyen-va-sap-nhap-hang-loat-xa-phuong-post1132712.vov
thanhphohaiphong,thanhphothuynguyen,phuongthuyha,xatrungha,https://vov.vn/chinh-tri/hai-phong-thanh-lap-tp-thuy-nguyen-va-sap-nhap-hang-loat-xa-phuong-post1132712.vov
thanhphohaiphong,thanhphothuynguyen,phuongthuyha,trungha,https://vov.vn/chinh-tri/hai-phong-thanh-lap-tp-thuy-nguyen-va-sap-nhap-hang-loat-xa-phuong-post1132712.vov
thanhphohaiphong,thanhphothuynguyen,phuongthuyha,xathuytrieu,https://vov.vn/chinh-tri/hai-phong-thanh-lap-tp-thuy-nguyen-va-sap-nhap-hang-loat-xa-phuong-post1132712.vov
thanhphohaiphong,thanhphothuynguyen,phuongthuyha,thuytrieu,https://vov.vn/chinh-tri/hai-phong-thanh-lap-tp-thuy-nguyen-va-sap-nhap-hang-loat-xa-phuong-post1132712.vov
thanhphohaiphong,thanhphothuynguyen,phuongnamtrieugiang,xaphucle,https://vov.vn/chinh-tri/hai-phong-thanh-lap-tp-thuy-nguyen-va-sap-nhap-hang-loat-xa-phuong-post1132712.vov
thanhphohaiphong,thanhphothuynguyen,phuongnamtrieugiang,phucle,https://vov.vn/chinh-tri/hai-phong-thanh-lap-tp-thuy-nguyen-va-sap-nhap-hang-loat-xa-phuong-post1132712.vov
thanhphohaiphong,thanhphothuynguyen,phuongnamtrieugiang,xaphalephale,https://vov.vn/chinh-tri/hai-phong-thanh-lap-tp-thuy-nguyen-va-sap-nhap-hang-loat-xa-phuong-post1132712.vov
thanhphohaiphong,thanhphothuynguyen,xabachdang,xagiaminh,https://vov.vn/chinh-tri/hai-phong-thanh-lap-tp-thuy-nguyen-va-sap-nhap-hang-loat-xa-phuong-post1132712.vov
thanhphohaiphong,thanhphothuynguyen,xabachdang,giaminh,https://vov.vn/chinh-tri/hai-phong-thanh-lap-tp-thuy-nguyen-va-sap-nhap-hang-loat-xa-phuong-post1132712.vov
thanhphohaiphong,thanhphothuynguyen,xabachdang,xagiaduc,https://vov.vn/chinh-tri/hai-phong-thanh-lap-tp-thuy-nguyen-va-sap-nhap-hang-loat-xa-phuong-post1132712.vov
thanhphohaiphong,thanhphothuynguyen,xabachdang,giaduc,https://vov.vn/chinh-tri/hai-phong-thanh-lap-tp-thuy-nguyen-va-sap-nhap-hang-loat-xa-phuong-post1132712.vov
thanhphohaiphong,thanhphothuynguyen,xabachdang,xaminhtan,https://vov.vn/chinh-tri/hai-phong-thanh-lap-tp-thuy-nguyen-va-sap-nhap-hang-loat-xa-phuong-post1132712.vov
thanhphohaiphong,thanhphothuynguyen,xabachdang,minhtan,https://vov.vn/chinh-tri/hai-phong-thanh-lap-tp-thuy-nguyen-va-sap-nhap-hang-loat-xa-phuong-post1132712.vov
thanhphohaiphong,thanhphothuynguyen,xalienxuan,xalienkhe,https://vov.vn/chinh-tri/hai-phong-thanh-lap-tp-thuy-nguyen-va-sap-nhap-hang-loat-xa-phuong-post1132712.vov
thanhphohaiphong,thanhphothuynguyen,xalienxuan,lienkhe,https://vov.vn/chinh-tri/hai-phong-thanh-lap-tp-thuy-nguyen-va-sap-nhap-hang-loat-xa-phuong-post1132712.vov
thanhphohaiphong,thanhphothuynguyen,xalienxuan,xalaixuan,https://vov.vn/chinh-tri/hai-phong-thanh-lap-tp-thuy-nguyen-va-sap-nhap-hang-loat-xa-phuong-post1132712.vov
thanhphohaiphong,thanhphothuynguyen,xalienxuan,laixuan,https://vov.vn/chinh-tri/hai-phong-thanh-lap-tp-thuy-nguyen-va-sap-nhap-hang-loat-xa-phuong-post1132712.vov
thanhphohaiphong,thanhphothuynguyen,xaninhson,xaanson,https://vov.vn/chinh-tri/hai-phong-thanh-lap-tp-thuy-nguyen-va-sap-nhap-hang-loat-xa-phuong-post1132712.vov
thanhphohaiphong,thanhphothuynguyen,xaninhson,anson,https://vov.vn/chinh-tri/hai-phong-thanh-lap-tp-thuy-nguyen-va-sap-nhap-hang-loat-xa-phuong-post1132712.vov
thanhphohaiphong,thanhphothuynguyen,xaninhson,xakyson,https://vov.vn/chinh-tri/hai-phong-thanh-lap-tp-thuy-nguyen-va-sap-nhap-hang-loat-xa-phuong-post1132712.vov
thanhphohaiphong,thanhphothuynguyen,xaninhson,kyson,https://vov.vn/chinh-tri/hai-phong-thanh-lap-tp-thuy-nguyen-va-sap-nhap-hang-loat-xa-phuong-post1132712.vov
thanhphohaiphong,thanhphothuynguyen,xaninhson,xaphuninh,https://vov.vn/chinh-tri/hai-phong-thanh-lap-tp-thuy-nguyen-va-sap-nhap-hang-loat-xa-phuong-post1132712.vov
thanhphohaiphong,thanhphothuynguyen,xaninhson,phuninh,https://vov.vn/chinh-tri/hai-phong-thanh-lap-tp-thuy-nguyen-va-sap-nhap-hang-loat-xa-phuong-post1132712.vov
thanhphohaiphong,thanhphothuynguyen,xaquangtrung,xahopthanh,https://vov.vn/chinh-tri/hai-phong-thanh-lap-tp-thuy-nguyen-va-sap-nhap-hang-loat-xa-phuong-post1132712.vov
thanhphohaiphong,thanhphothuynguyen,xaquangtrung,hopthanh,https://vov.vn/chinh-tri/hai-phong-thanh-lap-tp-thuy-nguyen-va-sap-nhap-hang-loat-xa-phuong-post1132712.vov
thanhphohaiphong,thanhphothuynguyen,xaquangtrung,xacaonhan,https://vov.vn/chinh-tri/hai-phong-thanh-lap-tp-thuy-nguyen-va-sap-nhap-hang-loat-xa-phuong-post1132712.vov
thanhphohaiphong,thanhphothuynguyen,xaquangtrung,caonhan,https://vov.vn/chinh-tri/hai-phong-thanh-lap-tp-thuy-nguyen-va-sap-nhap-hang-loat-xa-phuong-post1132712.vov
thanhphohaiphong,thanhphothuynguyen,xaquangtrung,xachinhmy,https://vov.vn/chinh-tri/hai-phong-thanh-lap-tp-thuy-nguyen-va-sap-nhap-hang-loat-xa-phuong-post1132712.vov
thanhphohaiphong,thanhphothuynguyen,xaquangtrung,chinhmy,https://vov.vn/chinh-tri/hai-phong-thanh-lap-tp-thuy-nguyen-va-sap-nhap-hang-loat-xa-phuong-post1132712.vov
thanhphohaiphong,quananduong,phuongnamson,xanamson,https://vov.vn/chinh-tri/hai-phong-thanh-lap-tp-thuy-nguyen-va-sap-nhap-hang-loat-xa-phuong-post1132712.vov
thanhphohaiphong,quananduong,phuongnamson,namson,https://vov.vn/chinh-tri/hai-phong-thanh-lap-tp-thuy-nguyen-va-sap-nhap-hang-loat-xa-phuong-post1132712.vov
thanhphohaiphong,quananduong,phuongtantien,xabacson,https://vov.vn/chinh-tri/hai-phong-thanh-lap-tp-thuy-nguyen-va-sap-nhap-hang-loat-xa-phuong-post1132712.vov
thanhphohaiphong,quananduong,phuongtantien,bacson,https://vov.vn/chinh-tri/hai-phong-thanh-lap-tp-thuy-nguyen-va-sap-nhap-hang-loat-xa-phuong-post1132712.vov
thanhphohaiphong,quananduong,phuonganhai,xadangcuong,https://vov.vn/chinh-tri/hai-phong-thanh-lap-tp-thuy-nguyen-va-sap-nhap-hang-loat-xa-phuong-post1132712.vov
thanhphohaiphong,quananduong,phuonganhai,dangcuong,https://vov.vn/chinh-tri/hai-phong-thanh-lap-tp-thuy-nguyen-va-sap-nhap-hang-loat-xa-phuong-post1132712.vov
thanhphohaiphong,quananduong,phuonganhai,xaquoctuan,https://vov.vn/chinh-tri/hai-phong-thanh-lap-tp-thuy-nguyen-va-sap-nhap-hang-loat-xa-phuong-post1132712.vov
thanhphohaiphong,quananduong,phuonganhai,quoctuan,https://vov.vn/chinh-tri/hai-phong-thanh-lap-tp-thuy-nguyen-va-sap-nhap-hang-loat-xa-phuong-post1132712.vov
thanhphohaiphong,quanhongbang,phuongthuongly,phuonghaly,https://vov.vn/chinh-tri/hai-phong-thanh-lap-tp-thuy-nguyen-va-sap-nhap-hang-loat-xa-phuong-post1132712.vov
thanhphohaiphong,quanhongbang,phuongthuongly,haly,https://vov.vn/chinh-tri/hai-phong-thanh-lap-tp-thuy-nguyen-va-sap-nhap-hang-loat-xa-phuong-post1132712.vov
thanhphohaiphong,quanhongbang,phuongthuongly,phuongtraichuoi,https://vov.vn/chinh-tri/hai-phong-thanh-lap-tp-thuy-nguyen-va-sap-nhap-hang-loat-xa-phuong-post1132712.vov
thanhphohaiphong,quanhongbang,phuongthuongly,traichuoi,https://vov.vn/chinh-tri/hai-phong-thanh-lap-tp-thuy-nguyen-va-sap-nhap-hang-loat-xa-phuong-post1132712.vov
thanhphohaiphong,huyentienlang,xatanminh,xatoanthang,https://vov.vn/chinh-tri/hai-phong-thanh-lap-tp-thuy-nguyen-va-sap-nhap-hang-loat-xa-phuong-post1132712.vov
thanhphohaiphong,huyentienlang,xatanminh,toanthang,https://vov.vn/chinh-tri/hai-phong-thanh-lap-tp-thuy-nguyen-va-sap-nhap-hang-loat-xa-phuong-post1132712.vov
thanhphohaiphong,huyentienlang,xatanminh,xabachdang,https://vov.vn/chinh-tri/hai-phong-thanh-lap-tp-thuy-nguyen-va-sap-nhap-hang-loat-xa-phuong-post1132712.vov
thanhphohaiphong,huyentienlang,xatanminh,bachdang,https://vov.vn/chinh-tri/hai-phong-thanh-lap-tp-thuy-nguyen-va-sap-nhap-hang-loat-xa-phuong-post1132712.vov
thanhphohaiphong,huyentienlang,xatanminh,xaquangphuc,https://vov.vn/chinh-tri/hai-phong-thanh-lap-tp-thuy-nguyen-va-sap-nhap-hang-loat-xa-phuong-post1132712.vov
thanhphohaiphong,huyentienlang,xatanminh,quangphuc,https://vov.vn/chinh-tri/hai-phong-thanh-lap-tp-thuy-nguyen-va-sap-nhap-hang-loat-xa-phuong-post1132712.vov
thanhphohaiphong,huyenvinhbao,xavinhhoa,xavinhlong,https://vov.vn/chinh-tri/hai-phong-thanh-lap-tp-thuy-nguyen-va-sap-nhap-hang-loat-xa-phuong-post1132712.vov
thanhphohaiphong,huyenvinhbao,xavinhhoa,vinhlong,https://vov.vn/chinh-tri/hai-phong-thanh-lap-tp-thuy-nguyen-va-sap-nhap-hang-loat-xa-phuong-post1132712.vov
thanhphohaiphong,huyenvinhbao,xavinhhoa,xahiephoa,https://vov.vn/chinh-tri/hai-phong-thanh-lap-tp-thuy-nguyen-va-sap-nhap-hang-loat-xa-phuong-post1132712.vov
thanhphohaiphong,huyenvinhbao,xavinhhoa,hiephoa,https://vov.vn/chinh-tri/hai-phong-thanh-lap-tp-thuy-nguyen-va-sap-nhap-hang-loat-xa-phuong-post1132712.vov
thanhphohaiphong,huyenvinhbao,xavinhhoa,xaanhoa,https://vov.vn/chinh-tri/hai-phong-thanh-lap-tp-thuy-nguyen-va-sap-nhap-hang-loat-xa-phuong-post1132712.vov
thanhphohaiphong,huyenvinhbao,xavinhhoa,anhoa,https://vov.vn/chinh-tri/hai-phong-thanh-lap-tp-thuy-nguyen-va-sap-nhap-hang-loat-xa-phuong-post1132712.vov
thanhphohaiphong,huyenvinhbao,xavinhhung,xanhanhoa,https://vov.vn/chinh-tri/hai-phong-thanh-lap-tp-thuy-nguyen-va-sap-nhap-hang-loat-xa-phuong-post1132712.vov
thanhphohaiphong,huyenvinhbao,xavinhhung,nhanhoa,https://vov.vn/chinh-tri/hai-phong-thanh-lap-tp-thuy-nguyen-va-sap-nhap-hang-loat-xa-phuong-post1132712.vov
thanhphohaiphong,huyenvinhbao,xavinhhung,xatamda,https://vov.vn/chinh-tri/hai-phong-thanh-lap-tp-thuy-nguyen-va-sap-nhap-hang-loat-xa-phuong-post1132712.vov
thanhphohaiphong,huyenvinhbao,xavinhhung,tamda,https://vov.vn/chinh-tri/hai-phong-thanh-lap-tp-thuy-nguyen-va-sap-nhap-hang-loat-xa-phuong-post1132712.vov
thanhphohaiphong,huyenvinhbao,xavinhhung,xavinhquang,https://vov.vn/chinh-tri/hai-phong-thanh-lap-tp-thuy-nguyen-va-sap-nhap-hang-loat-xa-phuong-post1132712.vov
thanhphohaiphong,huyenvinhbao,xavinhhung,vinhquang,https://vov.vn/chinh-tri/hai-phong-thanh-lap-tp-thuy-nguyen-va-sap-nhap-hang-loat-xa-phuong-post1132712.vov
thanhphohaiphong,huyenvinhbao,xavinhhai,xahungnhan,https://vov.vn/chinh-tri/hai-phong-thanh-lap-tp-thuy-nguyen-va-sap-nhap-hang-loat-xa-phuong-post1132712.vov
thanhphohaiphong,huyenvinhbao,xavinhhai,hungnhan,https://vov.vn/chinh-tri/hai-phong-thanh-lap-tp-thuy-nguyen-va-sap-nhap-hang-loat-xa-phuong-post1132712.vov
thanhphohaiphong,huyenvinhbao,xavinhhai,xathanhluong,https://vov.vn/chinh-tri/hai-phong-thanh-lap-tp-thuy-nguyen-va-sap-nhap-hang-loat-xa-phuong-post1132712.vov
thanhphohaiphong,huyenvinhbao,xavinhhai,thanhluong,https://vov.vn/chinh-tri/hai-phong-thanh-lap-tp-thuy-nguyen-va-sap-nhap-hang-loat-xa-phuong-post1132712.vov
thanhphohaiphong,huyenvinhbao,xavinhhai,xadongminh,https://vov.vn/chinh-tri/hai-phong-thanh-lap-tp-thuy-nguyen-va-sap-nhap-hang-loat-xa-phuong-post1132712.vov
thanhphohaiphong,huyenvinhbao,xavinhhai,dongminh,https://vov.vn/chinh-tri/hai-phong-thanh-lap-tp-thuy-nguyen-va-sap-nhap-hang-loat-xa-phuong-post1132712.vov
thanhphohaiphong,huyenvinhbao,xatienphong,xavinhphong,https://vov.vn/chinh-tri/hai-phong-thanh-lap-tp-thuy-nguyen-va-sap-nhap-hang-loat-xa-phuong-post1132712.vov
thanhphohaiphong,huyenvinhbao,xatienphong,vinhphong,https://vov.vn/chinh-tri/hai-phong-thanh-lap-tp-thuy-nguyen-va-sap-nhap-hang-loat-xa-phuong-post1132712.vov
thanhphohaiphong,huyenvinhbao,xatienphong,xaconghien,https://vov.vn/chinh-tri/hai-phong-thanh-lap-tp-thuy-nguyen-va-sap-nhap-hang-loat-xa-phuong-post1132712.vov
thanhphohaiphong,huyenvinhbao,xatienphong,conghien,https://vov.vn/chinh-tri/hai-phong-thanh-lap-tp-thuy-nguyen-va-sap-nhap-hang-loat-xa-phuong-post1132712.vov
thanhphohaiphong,huyenvinhbao,xatamcuong,xacoam,https://vov.vn/chinh-tri/hai-phong-thanh-lap-tp-thuy-nguyen-va-sap-nhap-hang-loat-xa-phuong-post1132712.vov
thanhphohaiphong,huyenvinhbao,xatamcuong,coam,https://vov.vn/chinh-tri/hai-phong-thanh-lap-tp-thuy-nguyen-va-sap-nhap-hang-loat-xa-phuong-post1132712.vov
thanhphohaiphong,huyenvinhbao,xatamcuong,xavinhtien,https://vov.vn/chinh-tri/hai-phong-thanh-lap-tp-thuy-nguyen-va-sap-nhap-hang-loat-xa-phuong-post1132712.vov
thanhphohaiphong,huyenvinhbao,xatamcuong,vinhtien,https://vov.vn/chinh-tri/hai-phong-thanh-lap-tp-thuy-nguyen-va-sap-nhap-hang-loat-xa-phuong-post1132712.vov
thanhphohaiphong,huyenkienthuy,xakienhung,xadaiha,https://vov.vn/chinh-tri/hai-phong-thanh-lap-tp-thuy-nguyen-va-sap-nhap-hang-loat-xa-phuong-post1132712.vov
thanhphohaiphong,huyenkienthuy,xakienhung,daiha,https://vov.vn/chinh-tri/hai-phong-thanh-lap-tp-thuy-nguyen-va-sap-nhap-hang-loat-xa-phuong-post1132712.vov
thanhphohaiphong,huyenkienthuy,xakienhung,xathuyhuong,https://vov.vn/chinh-tri/hai-phong-thanh-lap-tp-thuy-nguyen-va-sap-nhap-hang-loat-xa-phuong-post1132712.vov
thanhphohaiphong,huyenkienthuy,xakienhung,thuyhuong,https://vov.vn/chinh-tri/hai-phong-thanh-lap-tp-thuy-nguyen-va-sap-nhap-hang-loat-xa-phuong-post1132712.vov
thanhphohaiphong,huyenkienthuy,xakienhung,xangudoan,https://vov.vn/chinh-tri/hai-phong-thanh-lap-tp-thuy-nguyen-va-sap-nhap-hang-loat-xa-phuong-post1132712.vov
thanhphohaiphong,huyenkienthuy,xakienhung,ngudoan,https://vov.vn/chinh-tri/hai-phong-thanh-lap-tp-thuy-nguyen-va-sap-nhap-hang-loat-xa-phuong-post1132712.vov
thanhphohaiphong,quanngoquyen,phuonglachtray,phuongdongquocbinh,https://vov.vn/chinh-tri/hai-phong-thanh-lap-tp-thuy-nguyen-va-sap-nhap-hang-loat-xa-phuong-post1132712.vov
thanhphohaiphong,quanngoquyen,phuonglachtray,dongquocbinh,https://vov.vn/chinh-tri/hai-phong-thanh-lap-tp-thuy-nguyen-va-sap-nhap-hang-loat-xa-phuong-post1132712.vov
thanhphohaiphong,quanngoquyen,phuonglachtray,phuongleloi,https://vov.vn/chinh-tri/hai-phong-thanh-lap-tp-thuy-nguyen-va-sap-nhap-hang-loat-xa-phuong-post1132712.vov
thanhphohaiphong,quanngoquyen,phuonglachtray,leloi,https://vov.vn/chinh-tri/hai-phong-thanh-lap-tp-thuy-nguyen-va-sap-nhap-hang-loat-xa-phuong-post1132712.vov
thanhphohaiphong,quanngoquyen,phuonggiavien,phuonglacvien,https://vov.vn/chinh-tri/hai-phong-thanh-lap-tp-thuy-nguyen-va-sap-nhap-hang-loat-xa-phuong-post1132712.vov
thanhphohaiphong,quanngoquyen,phuonggiavien,lacvien,https://vov.vn/chinh-tri/hai-phong-thanh-lap-tp-thuy-nguyen-va-sap-nhap-hang-loat-xa-phuong-post1132712.vov
thanhphohaiphong,quanngoquyen,phuonggiavien,phuongmayto,https://vov.vn/chinh-tri/hai-phong-thanh-lap-tp-thuy-nguyen-va-sap-nhap-hang-loat-xa-phuong-post1132712.vov
thanhphohaiphong,quanngoquyen,phuonggiavien,mayto,https://vov.vn/chinh-tri/hai-phong-thanh-lap-tp-thuy-nguyen-va-sap-nhap-hang-loat-xa-phuong-post1132712.vov
thanhphohaiphong,quanlechan,phuonganbien,phuonglamson,https://vov.vn/chinh-tri/hai-phong-thanh-lap-tp-thuy-nguyen-va-sap-nhap-hang-loat-xa-phuong-post1132712.vov
thanhphohaiphong,quanlechan,phuonganbien,lamson,https://vov.vn/chinh-tri/hai-phong-thanh-lap-tp-thuy-nguyen-va-sap-nhap-hang-loat-xa-phuong-post1132712.vov
thanhphohaiphong,quanlechan,phuonganbien,phuongcatdai,https://vov.vn/chinh-tri/hai-phong-thanh-lap-tp-thuy-nguyen-va-sap-nhap-hang-loat-xa-phuong-post1132712.vov
thanhphohaiphong,quanlechan,phuonganbien,catdai,https://vov.vn/chinh-tri/hai-phong-thanh-lap-tp-thuy-nguyen-va-sap-nhap-hang-loat-xa-phuong-post1132712.vov
thanhphohaiphong,quanlechan,phuongtrannguyenhan,phuonghonam,https://vov.vn/chinh-tri/hai-phong-thanh-lap-tp-thuy-nguyen-va-sap-nhap-hang-loat-xa-phuong-post1132712.vov
thanhphohaiphong,quanlechan,phuongtrannguyenhan,honam,https://vov.vn/chinh-tri/hai-phong-thanh-lap-tp-thuy-nguyen-va-sap-nhap-hang-loat-xa-phuong-post1132712.vov
thanhphohaiphong,quanlechan,phuongtrannguyenhan,phuongduhang,https://vov.vn/chinh-tri/hai-phong-thanh-lap-tp-thuy-nguyen-va-sap-nhap-hang-loat-xa-phuong-post1132712.vov
thanhphohaiphong,quanlechan,phuongtrannguyenhan,duhang,https://vov.vn/chinh-tri/hai-phong-thanh-lap-tp-thuy-nguyen-va-sap-nhap-hang-loat-xa-phuong-post1132712.vov
thanhphohaiphong,quanlechan,phuonghangkenh,phuongtraicau,https://vov.vn/chinh-tri/hai-phong-thanh-lap-tp-thuy-nguyen-va-sap-nhap-hang-loat-xa-phuong-post1132712.vov
thanhphohaiphong,quanlechan,phuonghangkenh,traicau,https://vov.vn/chinh-tri/hai-phong-thanh-lap-tp-thuy-nguyen-va-sap-nhap-hang-loat-xa-phuong-post1132712.vov
thanhphohaiphong,quanlechan,phuonghangkenh,phuongdonghai,https://vov.vn/chinh-tri/hai-phong-thanh-lap-tp-thuy-nguyen-va-sap-nhap-hang-loat-xa-phuong-post1132712.vov
thanhphohaiphong,quanlechan,phuonghangkenh,donghai,https://vov.vn/chinh-tri/hai-phong-thanh-lap-tp-thuy-nguyen-va-sap-nhap-hang-loat-xa-phuong-post1132712.vov
thanhphohaiphong,quanlechan,phuonganduong,phuongniemnghia,https://vov.vn/chinh-tri/hai-phong-thanh-lap-tp-thuy-nguyen-va-sap-nhap-hang-loat-xa-phuong-post1132712.vov
thanhphohaiphong,quanlechan,phuonganduong,niemnghia,https://vov.vn/chinh-tri/hai-phong-thanh-lap-tp-thuy-nguyen-va-sap-nhap-hang-loat-xa-phuong-post1132712.vov
thanhphohaiphong,quanlechan,phuonganduong,phuongnghiaxa,https://vov.vn/chinh-tri/hai-phong-thanh-lap-tp-thuy-nguyen-va-sap-nhap-hang-loat-xa-phuong-post1132712.vov
thanhphohaiphong,quanlechan,phuonganduong,nghiaxa,https://vov.vn/chinh-tri/hai-phong-thanh-lap-tp-thuy-nguyen-va-sap-nhap-hang-loat-xa-phuong-post1132712.vov
thanhphohaiphong,quankienan,phuongbacha,phuongphulien,https://vov.vn/chinh-tri/hai-phong-thanh-lap-tp-thuy-nguyen-va-sap-nhap-hang-loat-xa-phuong-post1132712.vov
thanhphohaiphong,quankienan,phuongbacha,phulien,https://vov.vn/chinh-tri/hai-phong-thanh-lap-tp-thuy-nguyen-va-sap-nhap-hang-loat-xa-phuong-post1132712.vov
thanhphohaiphong,quankienan,phuongbacha,phuongtrangminh,https://vov.vn/chinh-tri/hai-phong-thanh-lap-tp-thuy-nguyen-va-sap-nhap-hang-loat-xa-phuong-post1132712.vov
thanhphohaiphong,quankienan,phuongbacha,trangminh,https://vov.vn/chinh-tri/hai-phong-thanh-lap-tp-thuy-nguyen-va-sap-nhap-hang-loat-xa-phuong-post1132712.vov
thanhphohaiphong,quankienan,phuongdonghoa,phuongquantru,https://vov.vn/chinh-tri/hai-phong-thanh-lap-tp-thuy-nguyen-va-sap-nhap-hang-loat-xa-phuong-post1132712.vov
thanhphohaiphong,quankienan,phuongdonghoa,quantru,https://vov.vn/chinh-tri/hai-phong-thanh-lap-tp-thuy-nguyen-va-sap-nhap-hang-loat-xa-phuong-post1132712.vov
thanhphohaiphong,quankienan,phuongdonghoa,phuongdonghoa,https://vov.vn/chinh-tri/hai-phong-thanh-lap-tp-thuy-nguyen-va-sap-nhap-hang-loat-xa-phuong-post1132712.vov
thanhphohaiphong,quankienan,phuongdonghoa,donghoa,https://vov.vn/chinh-tri/hai-phong-thanh-lap-tp-thuy-nguyen-va-sap-nhap-hang-loat-xa-phuong-post1132712.vov